resname,score,binary_score
A_1002_PRO,0.0059446353,0
A_1003_SER,0.031232016,0
A_1004_ILE,0.031261615,0
A_1005_LYS,0.019825744,0
A_1006_LEU,0.029210549,0
A_1007_GLN,0.0104281455,0
A_1008_SER,0.008440356,0
A_1009_SER,0.008394845,0
A_1010_ASP,0.0040165405,0
A_1011_GLY,0.0089217555,0
A_1012_GLU,0.011508152,0
A_1013_ILE,0.03612679,0
A_1014_PHE,0.069937125,0
A_1015_GLU,0.09193301,0
A_1016_VAL,0.101236485,0
A_1017_ASP,0.07345871,0
A_1018_VAL,0.0070021,0
A_1019_GLU,0.0050523793,0
A_1020_ILE,0.030215621,0
A_1021_ALA,0.00971635,0
A_1022_LYS,0.006897992,0
A_1023_GLN,0.055071283,0
A_1024_SER,0.0069735786,0
A_1025_VAL,0.005468888,0
A_1026_THR,0.034361795,0
A_1027_ILE,0.0043167206,0
A_1028_LYS,0.0018467986,0
A_1029_THR,0.0042887772,0
A_1030_MET,0.033893652,0
A_1031_LEU,0.0023632331,0
A_1032_GLU,0.001177481,0
A_1033_ASP,0.00092012004,0
A_1034_LEU,0.0036446413,0
A_1035_GLY,0.002849265,0
A_1036_MET,0.009936628,0
A_1037_ASP,0.0050079366,0
A_1044_PRO,0.009575003,0
A_1045_VAL,0.0085611725,0
A_1046_PRO,0.006548378,0
A_1047_LEU,0.0065413048,0
A_1048_PRO,0.00709667,0
A_1049_ASN,0.02498078,0
A_1050_VAL,0.017659424,0
A_1051_ASN,0.013443365,0
A_1052_ALA,0.028081836,0
A_1053_ALA,0.0049913083,0
A_1054_ILE,0.009328871,0
A_1055_LEU,0.03447714,0
A_1056_LYS,0.045490846,0
A_1057_LYS,0.019674964,0
A_1058_VAL,0.014751411,0
A_1059_ILE,0.09403517,0
A_1060_GLN,0.05604905,0
A_1061_TRP,0.060615644,0
A_1062_CYS,0.048214603,0
A_1063_THR,0.071457125,0
A_1064_HIS,0.02463378,0
A_1065_HIS,0.04846317,0
A_1084_ASP,0.01955736,0
A_1085_ILE,0.007757728,0
A_1086_PRO,0.009819774,0
A_1087_VAL,0.0044859154,0
A_1088_TRP,0.008944506,0
A_1089_ASP,0.0077246455,0
A_1090_GLN,0.0025710724,0
A_1091_GLU,0.003378439,0
A_1092_PHE,0.003432879,0
A_1093_LEU,0.0065428372,0
A_1094_LYS,0.00391303,0
A_1095_VAL,0.004587517,0
A_1096_ASP,0.0033785636,0
A_1097_GLN,0.003156633,0
A_1098_GLY,0.012635286,0
A_1099_THR,0.0025921187,0
A_1100_LEU,0.0051317452,0
A_1101_PHE,0.006564844,0
A_1102_GLU,0.019911518,0
A_1103_LEU,0.002976996,0
A_1104_ILE,0.008371859,0
A_1105_LEU,0.018713208,0
A_1106_ALA,0.01868207,0
A_1107_ALA,0.009251402,0
A_1108_ASN,0.018356945,0
A_1109_TYR,0.03245968,0
A_1110_LEU,0.009454305,0
A_1111_ASP,0.012206259,0
A_1112_ILE,0.05588074,0
A_1113_LYS,0.017685099,0
A_1114_GLY,0.022699554,0
A_1115_LEU,0.023868589,0
A_1116_LEU,0.013329376,0
A_1117_ASP,0.0024851165,0
A_1118_VAL,0.0035315454,0
A_1119_THR,0.0014289301,0
A_1120_CYS,0.001432523,0
A_1121_LYS,0.0017246128,0
A_1122_THR,0.0074365414,0
A_1123_VAL,0.0016755062,0
A_1124_ALA,0.001367049,0
A_1125_ASN,0.0023281241,0
A_1126_MET,0.005593429,0
A_1127_ILE,0.0027208284,0
A_1128_LYS,0.0033358724,0
A_1129_GLY,0.00091481546,0
A_1130_LYS,0.003145591,0
A_1131_THR,0.0010194097,0
A_1132_PRO,0.0018779478,0
A_1133_GLU,0.003987335,0
A_1134_GLU,0.0027740584,0
A_1135_ILE,0.0008262621,0
A_1136_ARG,0.027768504,0
A_1137_LYS,0.0044050165,0
A_1138_THR,0.0028204585,0
A_1139_PHE,0.0050106784,0
A_1140_ASN,0.011753203,0
A_1141_ILE,0.012975576,0
A_1142_LYS,0.024175873,0
A_1143_ASN,0.02540835,0
A_1144_ASP,0.021429036,0
A_1145_PHE,0.019216532,0
A_1146_THR,0.0152394865,0
A_1147_GLU,0.0033429991,0
A_1148_GLU,0.0033272023,0
A_1149_GLU,0.037055008,0
A_1150_GLU,0.027706403,0
A_1151_ALA,0.0022559229,0
A_1152_GLN,0.030189825,0
A_1153_VAL,0.0029953115,0
A_1154_ARG,0.0030755852,0
A_1155_LYS,0.011119344,0
A_1156_GLU,0.041582275,0
A_1157_ASN,0.007296451,0
A_1158_GLN,0.008079669,0
A_1159_TRP,0.003960098,0
B_2263_THR,0.003344616,0
B_2264_GLN,0.011089124,0
B_2265_VAL,0.0047501,0
B_2266_LYS,0.0031083075,0
B_2267_HIS,0.0074503478,0
B_2268_MET,0.038497485,0
B_2269_MET,0.009018663,0
B_2270_GLN,0.0038705487,0
B_2271_VAL,0.015284577,0
B_2272_ILE,0.02514141,0
B_2273_GLU,0.017035192,0
B_2274_PRO,0.013786008,0
B_2275_GLN,0.015662331,0
B_2276_PHE,0.016289746,0
B_2277_GLN,0.016470378,0
B_2278_ARG,0.012359377,0
B_2279_ASP,0.0111924,0
B_2280_PHE,0.0074027944,0
B_2281_ILE,0.0042790547,0
B_2282_SER,0.015367372,0
B_2283_LEU,0.009859588,0
B_2284_LEU,0.0069073695,0
B_2285_PRO,0.012963557,0
B_2286_LYS,0.013800469,0
B_2287_GLU,0.016868839,0
B_2288_LEU,0.017020509,0
B_2289_ALA,0.012017096,0
B_2290_LEU,0.004043484,0
B_2291_TYR,0.0049232948,0
B_2292_VAL,0.0015604879,0
B_2293_LEU,0.00096418255,0
B_2294_SER,0.0031569193,0
B_2295_PHE,0.0029055083,0
B_2296_LEU,0.0019280376,0
B_2297_GLU,0.0017413711,0
B_2298_PRO,0.0,0
B_2299_LYS,0.0021322027,0
B_2300_ASP,0.0010927309,0
B_2301_LEU,0.0,0
B_2302_LEU,0.0,0
B_2303_GLN,0.00095031736,0
B_2304_ALA,0.0,0
B_2305_ALA,0.0,0
B_2306_GLN,0.0016679469,0
B_2307_THR,0.00090456544,0
B_2308_CYS,0.00095270504,0
B_2309_ARG,0.02367265,0
B_2310_TYR,0.011449757,0
B_2311_TRP,0.0020872068,0
B_2312_ARG,0.011654768,0
B_2313_ILE,0.005813697,0
B_2314_LEU,0.0013047111,0
B_2315_ALA,0.0,0
B_2316_GLU,0.013403331,0
B_2317_ASP,0.011026735,0
B_2318_ASN,0.0111764725,0
B_2319_LEU,0.006264866,0
B_2320_LEU,0.0036209582,0
B_2321_TRP,0.0023540985,0
B_2322_ARG,0.006481256,0
B_2323_GLU,0.0029490194,0
B_2324_LYS,0.0012075846,0
B_2325_CYS,0.0033814965,0
B_2326_LYS,0.0019769487,0
B_2327_GLU,0.004835994,0
B_2328_GLU,0.010502755,0
B_2329_GLY,0.011509148,0
B_2330_ILE,0.020457793,0
B_2331_ASP,0.0075099277,0
B_2332_GLU,0.02445657,0
B_2333_PRO,0.022166602,0
B_2334_LEU,0.0281231,0
B_2335_HIS,0.021880522,0
B_2336_ILE,0.05228801,0
B_2337_LYS,0.054523356,0
B_2341_VAL,0.06430652,0
B_2342_ILE,0.025732698,0
B_2343_LYS,0.018635025,0
B_2344_PRO,0.1181253,0
B_2345_GLY,0.11432772,0
B_2346_PHE,0.13055077,0
B_2347_ILE,0.11478367,0
B_2348_HIS,0.102807134,0
B_2349_SER,0.039321076,0
B_2350_PRO,0.03405188,0
B_2351_TRP,0.011473197,0
B_2352_LYS,0.014754218,0
B_2353_SER,0.027349507,0
B_2354_ALA,0.0192402,0
B_2355_TYR,0.001740516,0
B_2356_ILE,0.01594511,0
B_2357_ARG,0.025508715,0
B_2358_GLN,0.027488437,0
B_2359_HIS,0.0044556125,0
B_2360_ARG,0.034169078,0
B_2361_ILE,0.017117156,0
B_2362_ASP,0.0070916526,0
B_2363_THR,0.0054649385,0
B_2364_ASN,0.011760224,0
B_2365_TRP,0.012920272,0
B_2366_ARG,0.0051499098,0
B_2367_ARG,0.014105302,0
B_2368_GLY,0.014674474,0
B_2369_GLU,0.013143524,0
B_2370_LEU,0.010907894,0
B_2371_LYS,0.010850202,0
B_2372_SER,0.009840609,0
B_2373_PRO,0.013062662,0
B_2374_LYS,0.0039513675,0
B_2375_VAL,0.004921231,0
B_2376_LEU,0.004620687,0
B_2377_LYS,0.0032532492,0
B_2378_GLY,0.001965561,0
B_2379_HIS,0.0064812917,0
B_2380_ASP,0.009163361,0
B_2381_ASP,0.042747524,0
B_2382_HIS,0.04522868,0
B_2383_VAL,0.08755934,0
B_2384_ILE,0.1094493,0
B_2385_THR,0.21083833,1
B_2386_CYS,0.15416862,0
B_2387_LEU,0.145446,0
B_2388_GLN,0.16229936,0
B_2389_PHE,0.19896545,0
B_2390_CYS,0.1540787,0
B_2391_GLY,0.078953214,0
B_2392_ASN,0.06654073,0
B_2393_ARG,0.07156044,0
B_2394_ILE,0.020219121,0
B_2395_VAL,0.0037785152,0
B_2396_SER,0.0015297913,0
B_2397_GLY,0.004535155,0
B_2398_SER,0.064732864,0
B_2399_ASP,0.07074994,0
B_2400_ASP,0.00904104,0
B_2401_ASN,0.0129803065,0
B_2402_THR,0.005636992,0
B_2403_LEU,0.0034444781,0
B_2404_LYS,0.0019539222,0
B_2405_VAL,0.011970786,0
B_2406_TRP,0.009991042,0
B_2407_SER,0.008218626,0
B_2408_ALA,0.026051283,0
B_2409_VAL,0.012362832,0
B_2410_THR,0.005910084,0
B_2411_GLY,0.0038822785,0
B_2412_LYS,0.009351118,0
B_2413_CYS,0.01239405,0
B_2414_LEU,0.013296227,0
B_2415_ARG,0.012442583,0
B_2416_THR,0.010826853,0
B_2417_LEU,0.0091504445,0
B_2418_VAL,0.004877328,0
B_2419_GLY,0.005114924,0
B_2420_HIS,0.016671387,0
B_2421_THR,0.012428821,0
B_2422_GLY,0.06517917,0
B_2423_GLY,0.15432,0
B_2424_VAL,0.2211436,1
B_2425_TRP,0.33715641,1
B_2426_SER,0.16609158,0
B_2427_SER,0.12276262,0
B_2428_GLN,0.14354089,0
B_2429_MET,0.10636925,0
B_2430_ARG,0.09624232,0
B_2431_ASP,0.06493259,0
B_2432_ASN,0.034440853,0
B_2433_ILE,0.066474766,0
B_2434_ILE,0.006993468,0
B_2435_ILE,0.010112364,0
B_2436_SER,0.0016680758,0
B_2437_GLY,0.0054456578,0
B_2438_SER,0.08596317,0
B_2439_THR,0.19299453,0
B_2440_ASP,0.052845083,0
B_2441_ARG,0.0910433,0
B_2442_THR,0.022814354,0
B_2443_LEU,0.029901873,0
B_2444_LYS,0.016539771,0
B_2445_VAL,0.043826874,0
B_2446_TRP,0.0053187846,0
B_2447_ASN,0.0057925703,0
B_2448_ALA,0.008726984,0
B_2449_GLU,0.004699398,0
B_2450_THR,0.003332041,0
B_2451_GLY,0.008315209,0
B_2452_GLU,0.0077750054,0
B_2453_CYS,0.027568635,0
B_2454_ILE,0.041397974,0
B_2455_HIS,0.05315311,0
B_2456_THR,0.06785283,0
B_2457_LEU,0.07680139,0
B_2458_TYR,0.071795344,0
B_2459_GLY,0.052531786,0
B_2460_HIS,0.033887733,0
B_2461_THR,0.08850064,0
B_2462_SER,0.17523207,0
B_2463_THR,0.27620357,1
B_2464_VAL,0.15126242,0
B_2465_ARG,0.33675092,1
B_2466_CYS,0.14063433,0
B_2467_MET,0.18175894,0
B_2468_HIS,0.15141411,0
B_2469_LEU,0.09143061,0
B_2470_HIS,0.06532275,0
B_2471_GLU,0.014100595,0
B_2472_LYS,0.01472887,0
B_2473_ARG,0.008940438,0
B_2474_VAL,0.009434924,0
B_2475_VAL,0.0110245915,0
B_2476_SER,0.001281813,0
B_2477_GLY,0.021305976,0
B_2478_SER,0.09441211,0
B_2479_ARG,0.35002363,1
B_2480_ASP,0.14422354,0
B_2481_ALA,0.059932314,0
B_2482_THR,0.013286615,0
B_2483_LEU,0.013990026,0
B_2484_ARG,0.025266513,0
B_2485_VAL,0.028116299,0
B_2486_TRP,0.066291675,0
B_2487_ASP,0.028208667,0
B_2488_ILE,0.052537523,0
B_2489_GLU,0.039282404,0
B_2490_THR,0.03683617,0
B_2491_GLY,0.053111654,0
B_2492_GLN,0.041463815,0
B_2493_CYS,0.06927707,0
B_2494_LEU,0.026126513,0
B_2495_HIS,0.027136358,0
B_2496_VAL,0.05039397,0
B_2497_LEU,0.020476075,0
B_2498_MET,0.022608157,0
B_2499_GLY,0.017877083,0
B_2500_HIS,0.010659208,0
B_2501_VAL,0.023921883,0
B_2502_ALA,0.1162304,0
B_2503_ALA,0.2599282,1
B_2504_VAL,0.1161819,0
B_2505_ARG,0.281862,1
B_2506_CYS,0.12848668,0
B_2507_VAL,0.13327108,0
B_2508_GLN,0.13956635,0
B_2509_TYR,0.03114721,0
B_2510_ASP,0.031610023,0
B_2511_GLY,0.02337109,0
B_2512_ARG,0.01770727,0
B_2513_ARG,0.021254275,0
B_2514_VAL,0.0068677743,0
B_2515_VAL,0.0064050597,0
B_2516_SER,0.007710055,0
B_2517_GLY,0.0043263454,0
B_2518_ALA,0.028832871,0
B_2519_TYR,0.19320741,0
B_2520_ASP,0.05560815,0
B_2521_PHE,0.059419084,0
B_2522_MET,0.017036611,0
B_2523_VAL,0.055534154,0
B_2524_LYS,0.005851592,0
B_2525_VAL,0.001396459,0
B_2526_TRP,0.025784964,0
B_2527_ASP,0.0008134201,0
B_2528_PRO,0.002375384,0
B_2529_GLU,0.0010522918,0
B_2530_THR,0.0037612696,0
B_2531_GLU,0.022337822,0
B_2532_THR,0.016952317,0
B_2533_CYS,0.020387258,0
B_2534_LEU,0.004915269,0
B_2535_HIS,0.0071083764,0
B_2536_THR,0.0073592467,0
B_2537_LEU,0.0677993,0
B_2538_GLN,0.033470687,0
B_2539_GLY,0.055202696,0
B_2540_HIS,0.072953805,0
B_2541_THR,0.009360449,0
B_2542_ASN,0.054894052,0
B_2543_ARG,0.061440222,0
B_2544_VAL,0.06074059,0
B_2545_TYR,0.21459045,1
B_2546_SER,0.18997365,0
B_2547_LEU,0.11595567,0
B_2548_GLN,0.119151056,0
B_2549_PHE,0.023544408,0
B_2550_ASP,0.011316685,0
B_2551_GLY,0.0063068243,0
B_2552_ILE,0.0038082374,0
B_2553_HIS,0.0044121225,0
B_2554_VAL,0.0044817086,0
B_2555_VAL,0.0055132317,0
B_2556_SER,0.05480651,0
B_2557_GLY,0.012199259,0
B_2558_SER,0.012143814,0
B_2559_LEU,0.01945345,0
B_2560_ASP,0.009763319,0
B_2561_THR,0.020190561,0
B_2562_SER,0.008624543,0
B_2563_ILE,0.005871129,0
B_2564_ARG,0.030406423,0
B_2565_VAL,0.004460808,0
B_2566_TRP,0.06423274,0
B_2567_ASP,0.0017483932,0
B_2568_VAL,0.0029338447,0
B_2569_GLU,0.002387699,0
B_2570_THR,0.0023698444,0
B_2571_GLY,0.005539651,0
B_2572_ASN,0.005179061,0
B_2573_CYS,0.017661594,0
B_2574_ILE,0.0052550007,0
B_2575_HIS,0.0045960154,0
B_2576_THR,0.00876239,0
B_2577_LEU,0.019020969,0
B_2578_THR,0.021467365,0
B_2579_GLY,0.022839878,0
B_2580_HIS,0.019417012,0
B_2581_GLN,0.02708014,0
B_2582_SER,0.029242124,0
B_2583_LEU,0.0967217,0
B_2584_THR,0.10229877,0
B_2585_SER,0.27735803,1
B_2586_GLY,0.23530082,1
B_2587_MET,0.19536369,0
B_2588_GLU,0.15624289,0
B_2589_LEU,0.013638868,0
B_2590_LYS,0.048703685,0
B_2591_ASP,0.0027532738,0
B_2592_ASN,0.0014922977,0
B_2593_ILE,0.0037977009,0
B_2594_LEU,0.0021632754,0
B_2595_VAL,0.006076956,0
B_2596_SER,0.0053275866,0
B_2597_GLY,0.08071558,0
B_2598_ASN,0.020595849,0
B_2599_ALA,0.044211987,0
B_2600_ASP,0.022800162,0
B_2601_SER,0.022898354,0
B_2602_THR,0.015613442,0
B_2603_VAL,0.0052046315,0
B_2604_LYS,0.021897316,0
B_2605_ILE,0.0048279013,0
B_2606_TRP,0.029259466,0
B_2607_ASP,0.0037037546,0
B_2608_ILE,0.0018567567,0
B_2609_LYS,0.0017647244,0
B_2610_THR,0.0026810975,0
B_2611_GLY,0.010353447,0
B_2612_GLN,0.008632284,0
B_2613_CYS,0.020072093,0
B_2614_LEU,0.008887427,0
B_2615_GLN,0.010674745,0
B_2616_THR,0.010457512,0
B_2617_LEU,0.0072580636,0
B_2618_GLN,0.008890949,0
B_2619_GLY,0.008962997,0
B_2620_PRO,0.0042723687,0
B_2621_ASN,0.0042821695,0
B_2622_LYS,0.0026894785,0
B_2623_HIS,0.016288785,0
B_2624_GLN,0.014604959,0
B_2625_SER,0.026054807,0
B_2626_ALA,0.08264192,0
B_2627_VAL,0.22045676,1
B_2628_THR,0.2780389,1
B_2629_CYS,0.285618,1
B_2630_LEU,0.23703481,1
B_2631_GLN,0.11859261,0
B_2632_PHE,0.08071535,0
B_2633_ASN,0.06429729,0
B_2634_LYS,0.014800191,0
B_2635_ASN,0.006026944,0
B_2636_PHE,0.005195393,0
B_2637_VAL,0.0010933772,0
B_2638_ILE,0.05027674,0
B_2639_THR,0.005755967,0
B_2640_SER,0.07562265,0
B_2641_SER,0.018878516,0
B_2642_ASP,0.09014376,0
B_2643_ASP,0.015853085,0
B_2644_GLY,0.013526413,0
B_2645_THR,0.004551226,0
B_2646_VAL,0.00592625,0
B_2647_LYS,0.0019971693,0
B_2648_LEU,0.0021441474,0
B_2649_TRP,0.009412711,0
B_2650_ASP,0.0031798272,0
B_2651_LEU,0.005643107,0
B_2652_LYS,0.0031760589,0
B_2653_THR,0.003570094,0
B_2654_GLY,0.011881052,0
B_2655_GLU,0.011551742,0
B_2656_PHE,0.011634536,0
B_2657_ILE,0.0043947785,0
B_2658_ARG,0.01401838,0
B_2659_ASN,0.008415515,0
B_2660_LEU,0.0083166305,0
B_2661_VAL,0.013775248,0
B_2662_THR,0.014130471,0
B_2663_LEU,0.01490988,0
B_2664_GLU,0.012278797,0
B_2665_SER,0.013238692,0
B_2666_GLY,0.018383736,0
B_2667_GLY,0.0122404015,0
B_2668_SER,0.013225259,0
B_2669_GLY,0.0392133,0
B_2670_GLY,0.024614647,0
B_2671_VAL,0.09588397,0
B_2672_VAL,0.04174592,0
B_2673_TRP,0.13693039,0
B_2674_ARG,0.27840394,1
B_2675_ILE,0.1343201,0
B_2676_ARG,0.22022226,1
B_2677_ALA,0.18219493,0
B_2678_SER,0.1441709,0
B_2679_ASN,0.099681035,0
B_2680_THR,0.05639389,0
B_2681_LYS,0.10831655,0
B_2682_LEU,0.017114151,0
B_2683_VAL,0.016833482,0
B_2684_CYS,0.0,0
B_2685_ALA,0.0017779988,0
B_2686_VAL,0.0033064042,0
B_2687_GLY,0.014015982,0
B_2688_SER,0.06971457,0
B_2689_ARG,0.07483034,0
B_2690_ASN,0.03803529,0
B_2691_GLY,0.02952587,0
B_2692_THR,0.011876674,0
B_2693_GLU,0.013488433,0
B_2694_GLU,0.007036619,0
B_2695_THR,0.034200158,0
B_2696_LYS,0.00955176,0
B_2697_LEU,0.00405663,0
B_2698_LEU,0.011230052,0
B_2699_VAL,0.0016824879,0
B_2700_LEU,0.008083363,0
B_2701_ASP,0.012083561,0
B_2702_PHE,0.009199012,0
B_2703_ASP,0.019072827,0
B_2704_VAL,0.010184248,0
B_2705_ASP,0.0072370535,0
B_2706_MET,0.023836447,0
